Page Schema 	1. CollectionPage Schema	2. BreadcrumbList Schema	3. ItemList Schema	4. Organization Schema	5. WebPage Schema	6. FAQPage Schema
https://indiantrademart.com/directory/album-movies-commercial-ads/feature-films/art-house-festival-films	"{
  ""@context"": ""https://schema.org"",
  ""@type"": ""CollectionPage"",
  ""@id"": ""https://indiantrademart.com/directory/album-movies-commercial-ads/feature-films/art-house-festival-films/#collectionpage"",
  ""url"": ""https://indiantrademart.com/directory/album-movies-commercial-ads/feature-films/art-house-festival-films"",
  ""name"": ""Art House Festival Films Manufacturers & Suppliers in India"",
  ""description"": ""Find verified Art House Festival Films manufacturers, suppliers, production companies and service providers across India on Indian Trade Mart."",
  ""isPartOf"": {
    ""@id"": ""https://indiantrademart.com/#website""
  },
  ""inLanguage"": ""en-IN""
}"	"{
  ""@context"": ""https://schema.org"",
  ""@type"": ""BreadcrumbList"",
  ""itemListElement"": [

    {
      ""@type"": ""ListItem"",
      ""position"": 1,
      ""name"": ""Home"",
      ""item"": ""https://indiantrademart.com/""
    },

    {
      ""@type"": ""ListItem"",
      ""position"": 2,
      ""name"": ""Album Movies Commercial Ads"",
      ""item"": ""https://indiantrademart.com/directory/album-movies-commercial-ads/""
    },

    {
      ""@type"": ""ListItem"",
      ""position"": 3,
      ""name"": ""Feature Films"",
      ""item"": ""https://indiantrademart.com/directory/album-movies-commercial-ads/feature-films/""
    },

    {
      ""@type"": ""ListItem"",
      ""position"": 4,
      ""name"": ""Art House Festival Films"",
      ""item"": ""https://indiantrademart.com/directory/album-movies-commercial-ads/feature-films/art-house-festival-films""
    }

  ]
}"	"{
  ""@context"": ""https://schema.org"",
  ""@type"": ""ItemList"",
  ""name"": ""Art House Festival Films Companies"",
  ""numberOfItems"": 10,
  ""itemListOrder"": ""https://schema.org/ItemListOrderAscending"",
  ""itemListElement"": [

    {
      ""@type"": ""ListItem"",
      ""position"": 1,
      ""url"": ""Business URL 1""
    },

    {
      ""@type"": ""ListItem"",
      ""position"": 2,
      ""url"": ""Business URL 2""
    },

    {
      ""@type"": ""ListItem"",
      ""position"": 3,
      ""url"": ""Business URL 3""
    }

  ]
}"	"{
  ""@context"": ""https://schema.org"",
  ""@type"": ""Organization"",
  ""@id"": ""https://indiantrademart.com/#organization"",
  ""name"": ""Indian Trade Mart"",
  ""url"": ""https://indiantrademart.com/"",
  ""logo"": ""https://indiantrademart.com/logo.png"",
  ""description"": ""Indian Trade Mart is India's trusted B2B marketplace connecting manufacturers, suppliers, exporters and buyers across multiple industries."",
  ""sameAs"": [

    ""https://www.facebook.com/"",
    ""https://www.linkedin.com/"",
    ""https://twitter.com/""

  ]
}"	"{
  ""@context"": ""https://schema.org"",
  ""@type"": ""WebPage"",
  ""@id"": ""https://indiantrademart.com/directory/album-movies-commercial-ads/feature-films/art-house-festival-films/#webpage"",
  ""url"": ""https://indiantrademart.com/directory/album-movies-commercial-ads/feature-films/art-house-festival-films"",
  ""name"": ""Art House Festival Films Manufacturers & Suppliers in India"",
  ""description"": ""Browse verified Art House Festival Films manufacturers, suppliers and production companies in India."",
  ""isPartOf"": {
    ""@id"": ""https://indiantrademart.com/#website""
  },
  ""breadcrumb"": {
    ""@id"": ""https://indiantrademart.com/directory/album-movies-commercial-ads/feature-films/art-house-festival-films/#breadcrumb""
  },
  ""inLanguage"": ""en-IN""
}"	"{
  ""@context"": ""https://schema.org"",
  ""@type"": ""FAQPage"",
  ""mainEntity"": [

    {
      ""@type"": ""Question"",
      ""name"": ""How can I find verified Art House Festival Film production companies?"",
      ""acceptedAnswer"": {
        ""@type"": ""Answer"",
        ""text"": ""Indian Trade Mart lists verified Art House Festival Film manufacturers, suppliers and production companies across India.""
      }
    },

    {
      ""@type"": ""Question"",
      ""name"": ""Can I contact suppliers directly?"",
      ""acceptedAnswer"": {
        ""@type"": ""Answer"",
        ""text"": ""Yes. You can send enquiries and connect directly with verified businesses listed on Indian Trade Mart.""
      }
    },

    {
      ""@type"": ""Question"",
      ""name"": ""Does Indian Trade Mart verify business listings?"",
      ""acceptedAnswer"": {
        ""@type"": ""Answer"",
        ""text"": ""Indian Trade Mart helps users discover trusted manufacturers, suppliers and service providers through its B2B marketplace.""
      }
    }

  ]
}"
						
						
						
						
						
						
						
						
						
	2. LocalBusiness Schema		6. PostalAddress Schema			
https://indiantrademart.com/directory/search/reso-dynamics/maharashtra/yavatmal/ner	"{
  ""@context"": ""https://schema.org"",
  ""@type"": ""LocalBusiness"",
  ""@id"": ""https://indiantrademart.com/directory/search/reso-dynamics/maharashtra/yavatmal/ner#business"",
  ""name"": ""Reso Dynamics"",
  ""url"": ""https://indiantrademart.com/directory/search/reso-dynamics/maharashtra/yavatmal/ner"",
  ""image"": ""https://indiantrademart.com/path-to-business-image.jpg"",
  ""telephone"": ""++91 7290010051"",
  ""email"": ""info@example.com"",
  ""description"": ""Reso Dynamics is a verified manufacturer and supplier listed on Indian Trade Mart, serving customers in Ner, Yavatmal, Maharashtra."",
  ""address"": {
    ""@type"": ""PostalAddress"",
    ""addressLocality"": ""Ner"",
    ""addressRegion"": ""Maharashtra"",
    ""addressCountry"": ""IN""
  },
  ""areaServed"": ""India"",
  ""parentOrganization"": {
    ""@id"": ""https://indiantrademart.com/#organization""
  }
}"	"{
  ""@context"": ""https://schema.org"",
  ""@type"": ""BreadcrumbList"",
  ""itemListElement"": [
    {
      ""@type"": ""ListItem"",
      ""position"": 1,
      ""name"": ""Home"",
      ""item"": ""https://indiantrademart.com/""
    },
    {
      ""@type"": ""ListItem"",
      ""position"": 2,
      ""name"": ""Business Directory"",
      ""item"": ""https://indiantrademart.com/directory/""
    },
    {
      ""@type"": ""ListItem"",
      ""position"": 3,
      ""name"": ""Reso Dynamics"",
      ""item"": ""https://indiantrademart.com/directory/search/reso-dynamics/""
    },
    {
      ""@type"": ""ListItem"",
      ""position"": 4,
      ""name"": ""Ner"",
      ""item"": ""https://indiantrademart.com/directory/search/reso-dynamics/maharashtra/yavatmal/ner""
    }
  ]
}"	"{
  ""@context"": ""https://schema.org"",
  ""@type"": ""PostalAddress"",
  ""addressLocality"": ""Ner"",
  ""addressRegion"": ""Maharashtra"",
  ""addressCountry"": ""IN""
}"	"{
  ""@context"": ""https://schema.org"",
  ""@type"": ""Organization"",
  ""@id"": ""https://indiantrademart.com/#organization"",
  ""name"": ""Indian Trade Mart"",
  ""url"": ""https://indiantrademart.com/"",
  ""logo"": ""https://indiantrademart.com/logo.png"",
  ""description"": ""Indian Trade Mart is India's leading B2B marketplace connecting verified manufacturers, suppliers, exporters and service providers."",
  ""sameAs"": [
    ""https://www.facebook.com/yourpage"",
    ""https://www.linkedin.com/company/yourcompany"",
    ""https://twitter.com/yourcompany""
  ]
}"	"{
  ""@context"": ""https://schema.org"",
  ""@type"": ""WebPage"",
  ""@id"": ""https://indiantrademart.com/directory/search/reso-dynamics/maharashtra/yavatmal/ner#webpage"",
  ""url"": ""https://indiantrademart.com/directory/search/reso-dynamics/maharashtra/yavatmal/ner"",
  ""name"": ""Reso Dynamics in Ner, Yavatmal | Verified Supplier | Indian Trade Mart"",
  ""description"": ""Find Reso Dynamics in Ner, Yavatmal, Maharashtra. View verified business details, products, services and contact information on Indian Trade Mart."",
  ""isPartOf"": {
    ""@id"": ""https://indiantrademart.com/#organization""
  },
  ""breadcrumb"": {
    ""@id"": ""https://indiantrademart.com/directory/search/reso-dynamics/maharashtra/yavatmal/ner#breadcrumb""
  }
}"	"{
  ""@context"": ""https://schema.org"",
  ""@type"": ""FAQPage"",
  ""mainEntity"": [
    {
      ""@type"": ""Question"",
      ""name"": ""What does Reso Dynamics offer?"",
      ""acceptedAnswer"": {
        ""@type"": ""Answer"",
        ""text"": ""Reso Dynamics is listed on Indian Trade Mart as a verified business offering products and services. Visit the business profile to explore available offerings.""
      }
    },
    {
      ""@type"": ""Question"",
      ""name"": ""How can I contact Reso Dynamics?"",
      ""acceptedAnswer"": {
        ""@type"": ""Answer"",
        ""text"": ""You can contact Reso Dynamics using the phone number, email address or enquiry form available on the business listing page.""
      }
    },
    {
      ""@type"": ""Question"",
      ""name"": ""Is Reso Dynamics a verified business?"",
      ""acceptedAnswer"": {
        ""@type"": ""Answer"",
        ""text"": ""Yes, Reso Dynamics is listed on Indian Trade Mart as a verified business profile.""
      }
    }
  ]
}"
						
						
						
						
						
						
						
						
						
	1. WebPage Schema		 PostalAddress Schema	 LocalBusiness Schema	FAQPage Schema	
https://indiantrademart.com/directory/search/reso-dynamics/andhra-pradesh/anantapur/raptadu	"{
  ""@context"": ""https://schema.org"",
  ""@type"": ""WebPage"",
  ""url"": ""https://indiantrademart.com/directory/search/reso-dynamics/andhra-pradesh/anantapur/raptadu"",
  ""name"": ""Reso Dynamics Suppliers in Raptadu, Anantapur"",
  ""description"": ""Find verified Reso Dynamics suppliers, manufacturers, dealers and service providers in Raptadu, Anantapur, Andhra Pradesh."",
  ""inLanguage"": ""en-IN""
}"	"{
  ""@context"": ""https://schema.org"",
  ""@type"": ""BreadcrumbList"",
  ""itemListElement"": [
    {
      ""@type"": ""ListItem"",
      ""position"": 1,
      ""name"": ""Home"",
      ""item"": ""https://indiantrademart.com/""
    },
    {
      ""@type"": ""ListItem"",
      ""position"": 2,
      ""name"": ""Directory"",
      ""item"": ""https://indiantrademart.com/directory/""
    },
    {
      ""@type"": ""ListItem"",
      ""position"": 3,
      ""name"": ""Reso Dynamics"",
      ""item"": ""https://indiantrademart.com/directory/search/reso-dynamics/""
    },
    {
      ""@type"": ""ListItem"",
      ""position"": 4,
      ""name"": ""Andhra Pradesh""
    },
    {
      ""@type"": ""ListItem"",
      ""position"": 5,
      ""name"": ""Anantapur""
    },
    {
      ""@type"": ""ListItem"",
      ""position"": 6,
      ""name"": ""Raptadu""
    }
  ]
}"	"{
  ""@context"": ""https://schema.org"",
  ""@type"": ""PostalAddress"",
  ""addressLocality"": ""Raptadu"",
  ""addressRegion"": ""Andhra Pradesh"",
  ""postalCode"": ""515722"",
  ""addressCountry"": ""IN""
}"	"{
  ""@context"": ""https://schema.org"",
  ""@type"": ""LocalBusiness"",
  ""name"": ""Reso Dynamics Suppliers in Raptadu"",
  ""url"": ""https://indiantrademart.com/directory/search/reso-dynamics/andhra-pradesh/anantapur/raptadu"",
  ""telephone"": ""+91 7290010051"",
  ""email"": ""info@indiantrademart.com"",
  ""address"": {
    ""@type"": ""PostalAddress"",
    ""addressLocality"": ""Raptadu"",
    ""addressRegion"": ""Andhra Pradesh"",
    ""postalCode"": ""515722"",
    ""addressCountry"": ""IN""
  }
}"	"{
  ""@context"": ""https://schema.org"",
  ""@type"": ""FAQPage"",
  ""mainEntity"": [
    {
      ""@type"": ""Question"",
      ""name"": ""Where can I find Reso Dynamics suppliers in Raptadu?"",
      ""acceptedAnswer"": {
        ""@type"": ""Answer"",
        ""text"": ""Indian Trade Mart helps you find verified Reso Dynamics suppliers, manufacturers, dealers and service providers in Raptadu, Anantapur, Andhra Pradesh.""
      }
    },
    {
      ""@type"": ""Question"",
      ""name"": ""How can I contact Reso Dynamics suppliers in Raptadu?"",
      ""acceptedAnswer"": {
        ""@type"": ""Answer"",
        ""text"": ""You can view supplier profiles and submit enquiries directly through the Indian Trade Mart directory.""
      }
    },
    {
      ""@type"": ""Question"",
      ""name"": ""Are the suppliers listed on Indian Trade Mart verified?"",
      ""acceptedAnswer"": {
        ""@type"": ""Answer"",
        ""text"": ""Indian Trade Mart lists trusted businesses to help buyers connect with reliable suppliers and manufacturers.""
      }
    }
  ]
}"	
						
						
						
						
						
						
						
						
						
	1. WebPage Schema	2. Organization Schema	3. LocalBusiness Schema	4.  PostalAddress Schema	5. BreadcrumbList Schema	6. FAQPage Schema
https://indiantrademart.com/directory/search/reso-dynamics/chhattisgarh/janjgir-champa/champa	"{
  ""@context"": ""https://schema.org"",
  ""@type"": ""WebPage"",
  ""url"": ""https://indiantrademart.com/directory/search/reso-dynamics/chhattisgarh/janjgir-champa/champa"",
  ""name"": ""Reso Dynamics Suppliers in Champa, Janjgir-Champa"",
  ""description"": ""Find verified Reso Dynamics suppliers, manufacturers, dealers and service providers in Champa, Janjgir-Champa, Chhattisgarh."",
  ""inLanguage"": ""en-IN""
}"	"{
  ""@context"": ""https://schema.org"",
  ""@type"": ""Organization"",
  ""name"": ""Indian Trade Mart"",
  ""url"": ""https://indiantrademart.com/"",
  ""logo"": ""https://indiantrademart.com/logo.png""
}"	"{
  ""@context"": ""https://schema.org"",
  ""@type"": ""LocalBusiness"",
  ""name"": ""Reso Dynamics Suppliers in Champa"",
  ""url"": ""https://indiantrademart.com/directory/search/reso-dynamics/chhattisgarh/janjgir-champa/champa"",
  ""address"": {
    ""@type"": ""PostalAddress"",
    ""addressLocality"": ""Champa"",
    ""addressRegion"": ""Chhattisgarh"",
    ""addressCountry"": ""IN""
  },
  ""areaServed"": ""Champa""
}"	"{
  ""@context"": ""https://schema.org"",
  ""@type"": ""PostalAddress"",
  ""addressLocality"": ""Champa"",
  ""addressRegion"": ""Chhattisgarh"",
  ""postalCode"": ""495671"",
  ""addressCountry"": ""IN""
}"	"{
  ""@context"": ""https://schema.org"",
  ""@type"": ""BreadcrumbList"",
  ""itemListElement"": [
    {
      ""@type"": ""ListItem"",
      ""position"": 1,
      ""name"": ""Home"",
      ""item"": ""https://indiantrademart.com/""
    },
    {
      ""@type"": ""ListItem"",
      ""position"": 2,
      ""name"": ""Directory"",
      ""item"": ""https://indiantrademart.com/directory/""
    },
    {
      ""@type"": ""ListItem"",
      ""position"": 3,
      ""name"": ""Reso Dynamics"",
      ""item"": ""https://indiantrademart.com/directory/search/reso-dynamics/""
    },
    {
      ""@type"": ""ListItem"",
      ""position"": 4,
      ""name"": ""Chhattisgarh""
    },
    {
      ""@type"": ""ListItem"",
      ""position"": 5,
      ""name"": ""Janjgir-Champa""
    },
    {
      ""@type"": ""ListItem"",
      ""position"": 6,
      ""name"": ""Champa""
    }
  ]
}"	"{
  ""@context"": ""https://schema.org"",
  ""@type"": ""FAQPage"",
  ""mainEntity"": [
    {
      ""@type"": ""Question"",
      ""name"": ""Where can I find Reso Dynamics suppliers in Champa?"",
      ""acceptedAnswer"": {
        ""@type"": ""Answer"",
        ""text"": ""Indian Trade Mart helps you find verified Reso Dynamics suppliers, manufacturers, dealers and service providers in Champa, Janjgir-Champa, Chhattisgarh.""
      }
    },
    {
      ""@type"": ""Question"",
      ""name"": ""Can I contact Reso Dynamics suppliers directly?"",
      ""acceptedAnswer"": {
        ""@type"": ""Answer"",
        ""text"": ""Yes. You can view supplier profiles and send business enquiries directly through the Indian Trade Mart platform.""
      }
    },
    {
      ""@type"": ""Question"",
      ""name"": ""Why choose Indian Trade Mart for supplier search?"",
      ""acceptedAnswer"": {
        ""@type"": ""Answer"",
        ""text"": ""Indian Trade Mart provides verified business listings, making it easy to compare suppliers, manufacturers and service providers across India.""
      }
    }
  ]
}"
						
						
						
						
						
						
						
						
						
	1. WebPage Schema	2. Organization Schema	3. LocalBusiness Schema	4.  PostalAddress Schema	5. BreadcrumbList Schema	6. FAQPage Schema
https://indiantrademart.com/directory/search/reso-dynamics/andhra-pradesh/tirupati/yerpedu	"{
  ""@context"": ""https://schema.org"",
  ""@type"": ""WebPage"",
  ""url"": ""https://indiantrademart.com/directory/search/reso-dynamics/andhra-pradesh/tirupati/yerpedu"",
  ""name"": ""Reso Dynamics Suppliers in Yerpedu, Tirupati"",
  ""description"": ""Find verified Reso Dynamics suppliers, manufacturers, dealers and service providers in Yerpedu, Tirupati, Andhra Pradesh."",
  ""inLanguage"": ""en-IN""
}"	"{
  ""@context"": ""https://schema.org"",
  ""@type"": ""Organization"",
  ""name"": ""Indian Trade Mart"",
  ""url"": ""https://indiantrademart.com/"",
  ""logo"": ""https://indiantrademart.com/logo.png""
}"	"{
  ""@context"": ""https://schema.org"",
  ""@type"": ""LocalBusiness"",
  ""name"": ""Reso Dynamics Suppliers in Yerpedu"",
  ""url"": ""https://indiantrademart.com/directory/search/reso-dynamics/andhra-pradesh/tirupati/yerpedu"",
  ""address"": {
    ""@type"": ""PostalAddress"",
    ""addressLocality"": ""Yerpedu"",
    ""addressRegion"": ""Andhra Pradesh"",
    ""addressCountry"": ""IN""
  },
  ""areaServed"": ""Yerpedu""
}"	"{
  ""@context"": ""https://schema.org"",
  ""@type"": ""PostalAddress"",
  ""addressLocality"": ""Yerpedu"",
  ""addressRegion"": ""Andhra Pradesh"",
  ""postalCode"": ""517619"",
  ""addressCountry"": ""IN""
}"	"{
  ""@context"": ""https://schema.org"",
  ""@type"": ""BreadcrumbList"",
  ""itemListElement"": [
    {
      ""@type"": ""ListItem"",
      ""position"": 1,
      ""name"": ""Home"",
      ""item"": ""https://indiantrademart.com/""
    },
    {
      ""@type"": ""ListItem"",
      ""position"": 2,
      ""name"": ""Directory"",
      ""item"": ""https://indiantrademart.com/directory/""
    },
    {
      ""@type"": ""ListItem"",
      ""position"": 3,
      ""name"": ""Reso Dynamics"",
      ""item"": ""https://indiantrademart.com/directory/search/reso-dynamics/""
    },
    {
      ""@type"": ""ListItem"",
      ""position"": 4,
      ""name"": ""Andhra Pradesh""
    },
    {
      ""@type"": ""ListItem"",
      ""position"": 5,
      ""name"": ""Tirupati""
    },
    {
      ""@type"": ""ListItem"",
      ""position"": 6,
      ""name"": ""Yerpedu""
    }
  ]
}"	"{
  ""@context"": ""https://schema.org"",
  ""@type"": ""FAQPage"",
  ""mainEntity"": [
    {
      ""@type"": ""Question"",
      ""name"": ""Where can I find Reso Dynamics suppliers in Yerpedu?"",
      ""acceptedAnswer"": {
        ""@type"": ""Answer"",
        ""text"": ""Indian Trade Mart helps you find verified Reso Dynamics suppliers, manufacturers, dealers and service providers in Yerpedu, Tirupati, Andhra Pradesh.""
      }
    },
    {
      ""@type"": ""Question"",
      ""name"": ""Can I contact Reso Dynamics suppliers directly?"",
      ""acceptedAnswer"": {
        ""@type"": ""Answer"",
        ""text"": ""Yes. You can view supplier profiles and submit business enquiries directly through the Indian Trade Mart directory.""
      }
    },
    {
      ""@type"": ""Question"",
      ""name"": ""Why choose Indian Trade Mart?"",
      ""acceptedAnswer"": {
        ""@type"": ""Answer"",
        ""text"": ""Indian Trade Mart provides verified business listings that help buyers connect with reliable manufacturers, suppliers, dealers and service providers across India.""
      }
    }
  ]
}"
						
						
						
						
						
						
						
						
						
	1. WebPage Schema	2. Organization Schema	3. LocalBusiness Schema	5. PostalAddress Schema	6. BreadcrumbList Schema	7. FAQPage Schema
https://indiantrademart.com/directory/search/reso-dynamics/haryana/bhiwani/tosham	"{
  ""@context"": ""https://schema.org"",
  ""@type"": ""WebPage"",
  ""url"": ""https://indiantrademart.com/directory/search/reso-dynamics/haryana/bhiwani/tosham"",
  ""name"": ""Reso Dynamics Suppliers in Tosham, Bhiwani"",
  ""description"": ""Find verified Reso Dynamics suppliers, manufacturers, dealers and service providers in Tosham, Bhiwani, Haryana."",
  ""inLanguage"": ""en-IN""
}"	"{
  ""@context"": ""https://schema.org"",
  ""@type"": ""Organization"",
  ""name"": ""Indian Trade Mart"",
  ""url"": ""https://indiantrademart.com/"",
  ""logo"": ""https://indiantrademart.com/logo.png""
}"	"{
  ""@context"": ""https://schema.org"",
  ""@type"": ""LocalBusiness"",
  ""name"": ""Reso Dynamics Suppliers in Tosham"",
  ""url"": ""https://indiantrademart.com/directory/search/reso-dynamics/haryana/bhiwani/tosham"",
  ""address"": {
    ""@type"": ""PostalAddress"",
    ""addressLocality"": ""Tosham"",
    ""addressRegion"": ""Haryana"",
    ""addressCountry"": ""IN""
  },
  ""areaServed"": ""Tosham""
}"	"{
  ""@context"": ""https://schema.org"",
  ""@type"": ""PostalAddress"",
  ""addressLocality"": ""Tosham"",
  ""addressRegion"": ""Haryana"",
  ""postalCode"": ""127040"",
  ""addressCountry"": ""IN""
}"	"{
  ""@context"": ""https://schema.org"",
  ""@type"": ""BreadcrumbList"",
  ""itemListElement"": [
    {
      ""@type"": ""ListItem"",
      ""position"": 1,
      ""name"": ""Home"",
      ""item"": ""https://indiantrademart.com/""
    },
    {
      ""@type"": ""ListItem"",
      ""position"": 2,
      ""name"": ""Directory"",
      ""item"": ""https://indiantrademart.com/directory/""
    },
    {
      ""@type"": ""ListItem"",
      ""position"": 3,
      ""name"": ""Reso Dynamics"",
      ""item"": ""https://indiantrademart.com/directory/search/reso-dynamics/""
    },
    {
      ""@type"": ""ListItem"",
      ""position"": 4,
      ""name"": ""Haryana""
    },
    {
      ""@type"": ""ListItem"",
      ""position"": 5,
      ""name"": ""Bhiwani""
    },
    {
      ""@type"": ""ListItem"",
      ""position"": 6,
      ""name"": ""Tosham""
    }
  ]
}"	"{
  ""@context"": ""https://schema.org"",
  ""@type"": ""FAQPage"",
  ""mainEntity"": [
    {
      ""@type"": ""Question"",
      ""name"": ""Where can I find Reso Dynamics suppliers in Tosham?"",
      ""acceptedAnswer"": {
        ""@type"": ""Answer"",
        ""text"": ""Indian Trade Mart helps you find verified Reso Dynamics suppliers, manufacturers, dealers and service providers in Tosham, Bhiwani, Haryana.""
      }
    },
    {
      ""@type"": ""Question"",
      ""name"": ""Can I contact Reso Dynamics suppliers in Tosham directly?"",
      ""acceptedAnswer"": {
        ""@type"": ""Answer"",
        ""text"": ""Yes. You can view supplier profiles and submit enquiries directly through the Indian Trade Mart platform.""
      }
    },
    {
      ""@type"": ""Question"",
      ""name"": ""Why use Indian Trade Mart to find suppliers?"",
      ""acceptedAnswer"": {
        ""@type"": ""Answer"",
        ""text"": ""Indian Trade Mart provides verified business listings, making it easy to compare manufacturers, suppliers and service providers across India.""
      }
    }
  ]
}"
						
						
						
						
						
						
						
						
						
	1. WebPage Schema	2. Organization Schema	3. LocalBusiness Schema	4. PostalAddress Schema	5. BreadcrumbList Schema	7. FAQPage Schema
https://indiantrademart.com/directory/search/reso-dynamics/odisha/ganjam/khalikote	"{
  ""@context"": ""https://schema.org"",
  ""@type"": ""WebPage"",
  ""url"": ""https://indiantrademart.com/directory/search/reso-dynamics/odisha/ganjam/khalikote"",
  ""name"": ""Reso Dynamics Suppliers in Khalikote, Ganjam"",
  ""description"": ""Find verified Reso Dynamics suppliers, manufacturers, dealers and service providers in Khalikote, Ganjam, Odisha."",
  ""inLanguage"": ""en-IN""
}"	"{
  ""@context"": ""https://schema.org"",
  ""@type"": ""Organization"",
  ""name"": ""Indian Trade Mart"",
  ""url"": ""https://indiantrademart.com/"",
  ""logo"": ""https://indiantrademart.com/logo.png""
}"	"{
  ""@context"": ""https://schema.org"",
  ""@type"": ""LocalBusiness"",
  ""name"": ""Reso Dynamics Suppliers in Khalikote"",
  ""url"": ""https://indiantrademart.com/directory/search/reso-dynamics/odisha/ganjam/khalikote"",
  ""address"": {
    ""@type"": ""PostalAddress"",
    ""addressLocality"": ""Khalikote"",
    ""addressRegion"": ""Odisha"",
    ""addressCountry"": ""IN""
  },
  ""areaServed"": ""Khalikote""
}"	"{
  ""@context"": ""https://schema.org"",
  ""@type"": ""PostalAddress"",
  ""addressLocality"": ""Khalikote"",
  ""addressRegion"": ""Odisha"",
  ""postalCode"": ""761030"",
  ""addressCountry"": ""IN""
}"	"{
  ""@context"": ""https://schema.org"",
  ""@type"": ""BreadcrumbList"",
  ""itemListElement"": [
    {
      ""@type"": ""ListItem"",
      ""position"": 1,
      ""name"": ""Home"",
      ""item"": ""https://indiantrademart.com/""
    },
    {
      ""@type"": ""ListItem"",
      ""position"": 2,
      ""name"": ""Directory"",
      ""item"": ""https://indiantrademart.com/directory/""
    },
    {
      ""@type"": ""ListItem"",
      ""position"": 3,
      ""name"": ""Reso Dynamics"",
      ""item"": ""https://indiantrademart.com/directory/search/reso-dynamics/""
    },
    {
      ""@type"": ""ListItem"",
      ""position"": 4,
      ""name"": ""Odisha""
    },
    {
      ""@type"": ""ListItem"",
      ""position"": 5,
      ""name"": ""Ganjam""
    },
    {
      ""@type"": ""ListItem"",
      ""position"": 6,
      ""name"": ""Khalikote""
    }
  ]
}"	"{
  ""@context"": ""https://schema.org"",
  ""@type"": ""FAQPage"",
  ""mainEntity"": [
    {
      ""@type"": ""Question"",
      ""name"": ""Where can I find Reso Dynamics suppliers in Khalikote?"",
      ""acceptedAnswer"": {
        ""@type"": ""Answer"",
        ""text"": ""Indian Trade Mart helps you find verified Reso Dynamics suppliers, manufacturers, dealers and service providers in Khalikote, Ganjam, Odisha.""
      }
    },
    {
      ""@type"": ""Question"",
      ""name"": ""Can I contact Reso Dynamics suppliers directly?"",
      ""acceptedAnswer"": {
        ""@type"": ""Answer"",
        ""text"": ""Yes. You can view supplier profiles and send business enquiries directly through the Indian Trade Mart platform.""
      }
    },
    {
      ""@type"": ""Question"",
      ""name"": ""Why use Indian Trade Mart to find suppliers?"",
      ""acceptedAnswer"": {
        ""@type"": ""Answer"",
        ""text"": ""Indian Trade Mart provides verified business listings that help buyers compare manufacturers, suppliers and service providers across India.""
      }
    }
  ]
}"
						
						
						
						
						
						
						
						